url,dominio,titulo,fecha,texto,longitud
http://eltiempo.com/economia/crisis-petroleo-1,eltiempo.com,Crisis en sector petrolero afecta economia,2024-01-15,El sector petrolero colombiano enfrenta una crisis debido a la caida en los precios internacionales del crudo. Los analistas predicen un impacto negativo en las finanzas publicas y el mercado bursatil. Las acciones de Ecopetrol cayeron significativamente.,250
http://portafolio.co/bolsa/mercado-volatil-2,portafolio.co,Mercado bursatil presenta alta volatilidad,2024-01-16,La Bolsa de Valores de Colombia registro una jornada de alta volatilidad con el indice COLCAP cayendo mas de 2 por ciento. Los inversionistas muestran preocupacion ante la incertidumbre economica global.,198
http://elespectador.com/politica/reforma-tributaria-3,elespectador.com,Gobierno anuncia nueva reforma tributaria,2024-01-17,El gobierno nacional presento una nueva reforma tributaria que busca incrementar el recaudo fiscal. Expertos advierten sobre posibles efectos en el crecimiento economico y el mercado de valores.,205
http://semana.com/economia/crecimiento-4,semana.com,Economia colombiana muestra signos de recuperacion,2024-01-18,Los ultimos datos economicos muestran una recuperacion gradual de la economia colombiana. El consumo interno y las exportaciones impulsan el crecimiento. El optimismo se refleja en la bolsa de valores con ganancias moderadas.,235
http://larepublica.co/empresas/sector-financiero-5,larepublica.co,Sector financiero reporta utilidades record,2024-01-19,Los principales bancos colombianos reportaron utilidades record en el ultimo trimestre. El sector financiero se consolida como uno de los mas rentables del pais. Las acciones bancarias lideran las ganancias en la bolsa.,218
http://eltiempo.com/tecnologia/inversion-tech-6,eltiempo.com,Inversion extranjera en sector tecnologico crece,2024-01-22,La inversion extranjera directa en el sector tecnologico colombiano crecio un 35 por ciento en el ultimo ano. Startups colombianas atraen capital de fondos internacionales. El optimismo tecnologico impulsa indices bursatiles.,240
http://portafolio.co/economia/inflacion-preocupa-7,portafolio.co,Inflacion supera expectativas y preocupa a mercados,2024-01-23,La inflacion anual supero las expectativas del mercado alcanzando el 8.5 por ciento. El Banco de la Republica enfrenta presiones para incrementar las tasas de interes. Los mercados reaccionan negativamente ante la noticia.,228
http://elespectador.com/internacional/mercados-globales-8,elespectador.com,Crisis en mercados globales afecta a Colombia,2024-01-24,La crisis en los mercados financieros globales se extiende a las economias emergentes. El indice COLCAP cayo mas de 3 por ciento en una sola sesion. Los inversionistas buscan refugio en activos mas seguros.,210
http://semana.com/empresas/fusiones-9,semana.com,Anuncian fusion entre dos grandes empresas colombianas,2024-01-25,Dos de las empresas mas importantes de Colombia anunciaron planes de fusion. La operacion valuada en mas de mil millones de dolares podria cambiar el panorama empresarial. Las acciones de ambas companias subieron significativamente.,252
http://larepublica.co/mineria/oro-exportaciones-10,larepublica.co,Exportaciones de oro alcanzan maximos historicos,2024-01-26,Las exportaciones de oro colombiano alcanzaron niveles record debido al incremento en los precios internacionales. El sector minero se consolida como un motor importante de la economia. Las acciones mineras lideran ganancias bursatiles.,245
http://eltiempo.com/politica/elecciones-impacto-11,eltiempo.com,Encuestas electorales generan incertidumbre en mercados,2024-01-29,Las ultimas encuestas electorales muestran una carrera re√±ida generando incertidumbre en los mercados financieros. Los inversionistas adoptan posiciones cautelosas. El indice COLCAP muestra movimientos laterales.,220
http://portafolio.co/energia/renovables-inversion-12,portafolio.co,Proyectos de energia renovable atraen inversion millonaria,2024-01-30,Colombia recibe inversion millonaria en proyectos de energia renovable. El sector de energias limpias se perfila como una oportunidad de crecimiento. Las empresas del sector energetico reportan resultados positivos en bolsa.,238
http://elespectador.com/economia/desempleo-baja-13,elespectador.com,Tasa de desempleo registra reduccion historica,2024-01-31,La tasa de desempleo bajo al nivel mas bajo en cinco anos generando optimismo sobre la recuperacion economica. El gobierno celebra los resultados mientras analistas mantienen cautela. Los mercados reaccionan positivamente.,230
http://semana.com/internacional/comercio-exterior-14,semana.com,Tratado de libre comercio impulsa exportaciones,2024-02-01,Un nuevo tratado de libre comercio con mercados asiaticos impulsa las exportaciones colombianas. Los empresarios celebran las oportunidades de expansion. El optimismo comercial se refleja en incrementos bursatiles moderados.,235
http://larepublica.co/construccion/sector-vivienda-15,larepublica.co,Sector de construccion muestra crecimiento sostenido,2024-02-02,El sector de la construccion muestra un crecimiento sostenido impulsado por la demanda de vivienda. Las empresas constructoras reportan incrementos en ventas. Las acciones del sector suben en la bolsa de valores.,222
http://eltiempo.com/agricultura/cafe-precios-16,eltiempo.com,Precios del cafe colombiano alcanzan niveles record,2024-02-05,Los precios del cafe colombiano en mercados internacionales alcanzan niveles record debido a problemas climaticos en otros paises productores. Los caficultores celebran mientras el pais refuerza su posicion exportadora.,230
http://portafolio.co/finanzas/banco-central-tasas-17,portafolio.co,Banco Central reduce tasas de interes sorprendiendo al mercado,2024-02-06,El Banco de la Republica sorprendio al mercado reduciendo las tasas de interes en 50 puntos basicos. La decision busca impulsar el crecimiento economico. Los mercados reaccionan con alzas generalizadas en indices bursatiles.,245
http://elespectador.com/salud/farmaceuticas-resultados-18,elespectador.com,Empresas farmaceuticas reportan crecimiento en ventas,2024-02-07,Las principales empresas farmaceuticas colombianas reportaron crecimiento significativo en ventas durante el ultimo trimestre. El sector salud se consolida como uno de los mas dinamicos. Las acciones farmaceuticas suben en bolsa.,240
http://semana.com/tecnologia/fintech-expansion-19,semana.com,Empresas fintech colombianas expanden operaciones,2024-02-08,Las empresas fintech colombianas anunciaron planes de expansion regional. El sector tecnologico financiero atrae cada vez mas usuarios e inversionistas. El optimismo tecnologico impulsa indices de mercado al alza.,225
http://larepublica.co/transporte/aeronautica-recuperacion-20,larepublica.co,Sector aeronautico muestra recuperacion post-pandemia,2024-02-09,El sector aeronautico colombiano muestra una recuperacion robusta con incremento en pasajeros y carga. Las aerolineas reportan utilidades despues de anos dificiles. Las acciones del sector transportes suben significativamente.,235
http://eltiempo.com/economia/pib-crecimiento-21,eltiempo.com,PIB crece mas de lo esperado en ultimo trimestre,2024-02-12,El Producto Interno Bruto crecio mas de lo esperado superando las proyecciones de analistas. La economia colombiana muestra signos solidos de recuperacion. Los mercados celebran con alzas generalizadas en acciones.,220
http://portafolio.co/empresas/dividendos-record-22,portafolio.co,Empresas anuncian pago de dividendos record,2024-02-13,Las principales empresas cotizadas en bolsa anunciaron el pago de dividendos record a sus accionistas. Los resultados financieros excepcionales permiten retribuir a inversionistas. Las acciones se mantienen en territorio positivo.,230
http://elespectador.com/ambiente/regulacion-ambiental-23,elespectador.com,Nueva regulacion ambiental genera debate empresarial,2024-02-14,El gobierno anuncio nuevas regulaciones ambientales mas estrictas generando debate en el sector empresarial. Algunas industrias expresan preocupacion por costos adicionales. Los mercados muestran reaccion mixta ante las noticias.,238
http://semana.com/politica/reforma-pensional-24,semana.com,Reforma pensional avanza en el congreso,2024-02-15,La reforma pensional continua su tramite en el congreso con debates intensos sobre su viabilidad fiscal. Los analistas evaluan posibles impactos en la economia. Los mercados se mantienen atentos a los desarrollos politicos.,225
http://larepublica.co/comercio/retail-ventas-25,larepublica.co,Sector retail reporta incremento en ventas,2024-02-16,El sector retail colombiano reporto un incremento significativo en ventas durante el inicio del ano. El consumo interno se fortalece impulsando la economia. Las acciones de empresas comerciales suben en la bolsa.,218
http://eltiempo.com/tecnologia/5g-llegada-26,eltiempo.com,Llegada de tecnologia 5G impulsa sector telecomunicaciones,2024-02-19,La implementacion de la tecnologia 5G en las principales ciudades impulsa el sector de telecomunicaciones. Las empresas invierten millones en infraestructura. El optimismo tecnologico se refleja en buenos resultados bursatiles.,240
http://portafolio.co/internacional/dolar-fluctuacion-27,portafolio.co,Fluctuacion del dolar genera volatilidad en mercados,2024-02-20,Las fluctuaciones en el precio del dolar generan volatilidad en los mercados financieros colombianos. Los exportadores e importadores ajustan estrategias. El indice COLCAP muestra movimientos irregulares durante la jornada.,228
http://elespectador.com/economia/exportaciones-crecen-28,elespectador.com,Exportaciones no tradicionales crecen significativamente,2024-02-21,Las exportaciones no tradicionales colombianas crecieron significativamente diversificando la canasta exportadora. Los empresarios celebran la reduccion de dependencia en commodities. Los mercados reaccionan positivamente.,230
http://semana.com/empresas/startups-financiamiento-29,semana.com,Startups colombianas reciben financiamiento millonario,2024-02-22,Varias startups colombianas recibieron financiamiento millonario de fondos de capital de riesgo. El ecosistema emprendedor se fortalece atrayendo inversion internacional. El optimismo emprendedor impulsa indices tecnologicos.,235
http://larepublica.co/agro/clima-produccion-30,larepublica.co,Condiciones climaticas favorecen produccion agricola,2024-02-23,Las condiciones climaticas favorables impulsan la produccion agricola colombiana. Los agricultores proyectan buenas cosechas para el semestre. El sector agroindustrial muestra resultados positivos en mercados financieros.,225
http://eltiempo.com/empresas/manufactura-crecimiento-31,eltiempo.com,Sector manufacturero registra expansion importante,2024-02-26,El sector manufacturero colombiano registro una expansion importante impulsada por la demanda interna y externa. Las empresas industriales incrementan produccion y empleo. Las acciones manufactureras lideran ganancias bursatiles.,240
http://portafolio.co/finanzas/inversion-extranjera-32,portafolio.co,Inversion extranjera directa alcanza cifras record,2024-02-27,La inversion extranjera directa en Colombia alcanzo cifras record durante el ultimo ano. Los sectores minero energetico y tecnologico lideran los flujos de capital. El optimismo inversionista impulsa mercados al alza.,230
http://elespectador.com/politica/estabilidad-politica-33,elespectador.com,Analistas destacan estabilidad politica como factor clave,2024-02-28,Analistas internacionales destacan la estabilidad politica colombiana como factor clave para atraer inversion. Las instituciones democraticas se fortalecen. Los mercados financieros muestran confianza con tendencias alcistas.,235
http://semana.com/economia/consumo-interno-34,semana.com,Consumo interno impulsa crecimiento economico,2024-02-29,El consumo interno se consolida como motor del crecimiento economico colombiano. Las ventas minoristas y de servicios crecen sostenidamente. El optimismo consumidor se refleja en buenos resultados del mercado bursatil.,228
http://larepublica.co/industria/automotriz-ventas-35,larepublica.co,Industria automotriz reporta incremento en ventas,2024-03-01,La industria automotriz colombiana reporto un incremento significativo en ventas de vehiculos. El credito automotriz se recupera impulsando el sector. Las acciones de empresas automotrices suben en la bolsa de valores.,225
http://eltiempo.com/internacional/mercados-asia-36,eltiempo.com,Recuperacion de mercados asiaticos beneficia a Colombia,2024-03-04,La recuperacion de los mercados asiaticos genera efectos positivos en la economia colombiana. Las exportaciones hacia Asia crecen significativamente. Los indices bursatiles locales replican tendencias alcistas globales.,230
http://portafolio.co/empresas/utilidades-empresariales-37,portafolio.co,Utilidades empresariales superan expectativas,2024-03-05,Las utilidades de las principales empresas colombianas superaron las expectativas de analistas en el ultimo reporte trimestral. Los fundamentales solidos impulsan confianza inversionista. Las acciones registran alzas generalizadas.,232
http://elespectador.com/tecnologia/ciberseguridad-inversion-38,elespectador.com,Empresas aumentan inversion en ciberseguridad,2024-03-06,Las empresas colombianas aumentan significativamente su inversion en ciberseguridad ante el incremento de amenazas digitales. El sector tecnologico de seguridad crece rapidamente. Las acciones tecnologicas muestran buen desempeno.,235
http://semana.com/finanzas/credito-expansion-39,semana.com,Cartera de credito bancario muestra expansion saludable,2024-03-07,La cartera de credito del sistema bancario muestra una expansion saludable impulsada por creditos comerciales y de consumo. Los bancos reportan indicadores de calidad positivos. Las acciones bancarias suben en bolsa.,228
http://larepublica.co/energia/gas-natural-exportacion-40,larepublica.co,Exportaciones de gas natural crecen exponencialmente,2024-03-08,Las exportaciones de gas natural colombiano crecen exponencialmente debido a la alta demanda regional. El sector energetico se consolida como pilar de la economia. Las empresas del sector reportan utilidades record.,230
http://eltiempo.com/politica/acuerdo-fiscal-41,eltiempo.com,Acuerdo fiscal genera optimismo en mercados,2024-03-11,Un nuevo acuerdo fiscal entre gobierno y congreso genera optimismo en los mercados financieros. La sostenibilidad fiscal se fortalece. Los indices bursatiles reaccionan positivamente con alzas significativas en acciones.,225
http://portafolio.co/comercio/zona-franca-expansion-42,portafolio.co,Zonas francas atraen inversion millonaria,2024-03-12,Las zonas francas colombianas atraen inversion millonaria de empresas nacionales e internacionales. Los incentivos tributarios impulsan la expansion industrial. El optimismo empresarial se refleja en mercados bursatiles.,228
http://elespectador.com/economia/turismo-recuperacion-43,elespectador.com,Sector turismo muestra recuperacion acelerada,2024-03-13,El sector turismo colombiano muestra una recuperacion acelerada superando niveles pre-pandemia. La llegada de turistas internacionales crece sostenidamente. Las empresas turisticas reportan resultados positivos en bolsa.,230
http://semana.com/empresas/logistica-modernizacion-44,semana.com,Sector logistico invierte en modernizacion,2024-03-14,El sector logistico colombiano invierte millones en modernizacion de infraestructura y tecnologia. La eficiencia operativa mejora significativamente. Las acciones de empresas logisticas muestran tendencia alcista.,222
http://larepublica.co/mineria/carbon-exportaciones-45,larepublica.co,Exportaciones de carbon aumentan por demanda europea,2024-03-15,Las exportaciones de carbon colombiano aumentan debido a la alta demanda europea. El sector minero enfrenta el desafio de la transicion energetica. Los resultados financieros del sector son positivos en corto plazo.,235
http://eltiempo.com/tecnologia/ecommerce-crecimiento-46,eltiempo.com,Comercio electronico crece mas del 40 por ciento,2024-03-18,El comercio electronico en Colombia crecio mas del 40 por ciento en el ultimo ano. Las plataformas digitales transforman el retail tradicional. Las empresas de tecnologia comercial lideran ganancias bursatiles.,228
http://portafolio.co/finanzas/pensiones-reforma-debate-47,portafolio.co,Debate sobre reforma pensional genera expectativa,2024-03-19,El intenso debate sobre la reforma pensional genera expectativa en mercados financieros. Los fondos de pensiones evaluan estrategias ante posibles cambios. Los indices bursatiles muestran movimientos cautelosos.,225
http://elespectador.com/empresas/sostenibilidad-corporativa-48,elespectador.com,Empresas adoptan estrategias de sostenibilidad,2024-03-20,Las principales empresas colombianas adoptan estrategias ambientales sociales y de gobernanza mas robustas. La sostenibilidad corporativa se convierte en prioridad. Los inversionistas valoran positivamente estos compromisos.,240
http://semana.com/economia/balanza-comercial-49,semana.com,Balanza comercial muestra mejoria significativa,2024-03-21,La balanza comercial colombiana muestra mejoria significativa reduciendo el deficit. Las exportaciones crecen mas rapido que las importaciones. Los analistas celebran el resultado como indicador de competitividad economica.,232
http://larepublica.co/industria/textil-exportaciones-50,larepublica.co,Industria textil incrementa exportaciones,2024-03-22,La industria textil colombiana incrementa exportaciones aprovechando tratados comerciales. El sector confecciones se moderniza y gana competitividad. Las empresas textiles reportan resultados positivos en mercados financieros.,228
http://eltiempo.com/economia/zona-euro-impacto-51,eltiempo.com,Situacion economica en zona euro afecta mercados,2024-03-25,La situacion economica en la zona euro genera preocupacion en mercados emergentes incluyendo Colombia. Los inversionistas evaluan posibles impactos. El indice COLCAP muestra volatilidad ante noticias internacionales.,225
http://portafolio.co/empresas/dividendos-extraordinarios-52,portafolio.co,Empresas declaran dividendos extraordinarios,2024-03-26,Varias empresas colombianas declaran dividendos extraordinarios debido a utilidades excepcionales. Los accionistas celebran los resultados financieros robustos. Las acciones se mantienen en niveles historicamente altos.,222
http://elespectador.com/tecnologia/inteligencia-artificial-53,elespectador.com,Adopcion de inteligencia artificial crece en empresas,2024-03-27,La adopcion de inteligencia artificial en empresas colombianas crece rapidamente transformando procesos productivos. Las inversiones tecnologicas se aceleran. El sector tecnologico muestra dinamismo en mercados bursatiles.,235
http://semana.com/finanzas/mercado-capitales-profundizacion-54,semana.com,Mercado de capitales colombiano se profundiza,2024-03-28,El mercado de capitales colombiano muestra signos de profundizacion con mayor participacion de inversionistas. Las emisiones de bonos corporativos crecen. El desarrollo financiero impulsa confianza en mercados bursatiles.,238
http://larepublica.co/agro/flores-exportaciones-record-55,larepublica.co,Exportaciones de flores alcanzan cifras record,2024-03-29,Las exportaciones de flores colombianas alcanzan cifras record aprovechando fechas especiales. El sector floricultor se consolida como lider mundial. Las empresas del sector reportan excelentes resultados financieros.,228
http://eltiempo.com/politica/relaciones-internacionales-56,eltiempo.com,Mejora en relaciones internacionales beneficia economia,2024-04-01,La mejora en las relaciones internacionales de Colombia genera oportunidades comerciales y de inversion. Los acuerdos bilaterales se multiplican. El optimismo diplomatico se refleja positivamente en mercados financieros.,235
http://portafolio.co/economia/expectativas-economicas-57,portafolio.co,Expectativas economicas mejoran segun encuesta,2024-04-02,Las expectativas economicas de empresarios y consumidores mejoran segun ultima encuesta de percepcion. La confianza en la economia se fortalece. Los mercados bursatiles responden con alzas en los principales indices.,228
http://elespectador.com/empresas/fusiones-adquisiciones-58,elespectador.com,Actividad de fusiones y adquisiciones se acelera,2024-04-03,La actividad de fusiones y adquisiciones en Colombia se acelera con transacciones millonarias. La consolidacion empresarial avanza en varios sectores. Los mercados celebran las sinergias esperadas con alzas accionarias.,232
http://semana.com/economia/remesas-crecimiento-59,semana.com,Remesas de colombianos en exterior crecen,2024-04-04,Las remesas de colombianos en el exterior crecen significativamente apoyando el consumo interno. Los flujos de divisas fortalecen la economia. El impacto positivo se observa en multiples indicadores economicos.,222
http://larepublica.co/construccion/infraestructura-inversion-60,larepublica.co,Inversion en infraestructura alcanza niveles historicos,2024-04-05,La inversion en infraestructura de transporte alcanza niveles historicos con proyectos en ejecucion por todo el pais. El sector construccion se dinamiza. Las empresas constructoras lideran ganancias en bolsa de valores.,238
http://eltiempo.com/tecnologia/blockchain-adopcion-61,eltiempo.com,Tecnologia blockchain gana adopcion empresarial,2024-04-08,La tecnologia blockchain gana adopcion en empresas colombianas para diversos procesos. La innovacion tecnologica se acelera en multiples sectores. Las acciones de empresas tecnologicas muestran buen desempeno bursatil.,230
http://portafolio.co/finanzas/bonos-soberanos-demanda-62,portafolio.co,Bonos soberanos colombianos tienen alta demanda,2024-04-09,Los bonos soberanos colombianos registran alta demanda de inversionistas internacionales. La percepcion de riesgo pais mejora. Los mercados financieros celebran con alzas en indices accionarios y reduccion de spreads.,235
http://elespectador.com/economia/pobreza-reduccion-63,elespectador.com,Indices de pobreza muestran reduccion significativa,2024-04-10,Los indices de pobreza en Colombia muestran reduccion significativa segun ultimas mediciones oficiales. Los programas sociales muestran efectividad. El desarrollo social impulsa confianza en la estabilidad economica.,228
http://semana.com/empresas/comercio-internacional-64,semana.com,Comercio internacional colombiano se diversifica,2024-04-11,El comercio internacional colombiano se diversifica con nuevos socios comerciales en Asia y Africa. La apertura economica avanza sostenidamente. Los exportadores celebran las oportunidades mientras mercados reaccionan positivamente.,238
http://larepublica.co/energia/hidrocarburos-produccion-65,larepublica.co,Produccion de hidrocarburos supera proyecciones,2024-04-12,La produccion de hidrocarburos colombianos supera las proyecciones iniciales del ano. Los nuevos descubrimientos impulsan el sector. Las empresas petroleras reportan resultados financieros solidos en mercados bursatiles.,230
http://eltiempo.com/economia/empleo-formal-crecimiento-66,eltiempo.com,Empleo formal registra crecimiento sostenido,2024-04-15,El empleo formal en Colombia registra un crecimiento sostenido en todos los sectores economicos. La formalizacion laboral avanza. El desarrollo del mercado laboral genera optimismo en analistas y mercados financieros.,228
http://portafolio.co/empresas/gobierno-corporativo-67,portafolio.co,Empresas fortalecen practicas de gobierno corporativo,2024-04-16,Las empresas colombianas fortalecen sus practicas de gobierno corporativo siguiendo estandares internacionales. La transparencia empresarial mejora. Los inversionistas institucionales valoran positivamente estos avances.,235
http://elespectador.com/tecnologia/pagos-digitales-expansion-68,elespectador.com,Pagos digitales se expanden rapidamente,2024-04-17,Los pagos digitales en Colombia se expanden rapidamente transformando el sector financiero. La inclusion financiera avanza significativamente. Las empresas fintech y bancos tradicionales compiten en innovacion tecnologica.,230
http://semana.com/economia/productividad-mejora-69,semana.com,Productividad laboral muestra mejora importante,2024-04-18,La productividad laboral en Colombia muestra mejora importante impulsada por capacitacion y tecnologia. La competitividad empresarial se fortalece. Los resultados positivos se reflejan en buenos desempenos bursatiles.,228
http://larepublica.co/comercio/franquicias-expansion-70,larepublica.co,Franquicias colombianas expanden a otros paises,2024-04-19,Franquicias colombianas exitosas expanden operaciones a otros paises latinoamericanos. El modelo de negocio colombiano gana reconocimiento internacional. Las empresas de retail muestran dinamismo en mercados de valores.,232
http://eltiempo.com/politica/paz-total-economia-71,eltiempo.com,Proceso de paz impulsa desarrollo regional,2024-04-22,El proceso de paz total impulsa el desarrollo economico en regiones antes afectadas por violencia. Las inversiones en zonas rurales crecen. El optimismo sobre estabilidad territorial se refleja en mercados financieros.,235
http://portafolio.co/finanzas/ahorro-privado-crecimiento-72,portafolio.co,Ahorro privado muestra crecimiento robusto,2024-04-23,El ahorro privado en Colombia muestra crecimiento robusto fortaleciendo el sistema financiero. Las tasas de ahorro mejoran en todos los estratos. Los bancos y fondos de inversion reportan captaciones record.,228
http://elespectador.com/empresas/mipymes-credito-73,elespectador.com,Mipymes acceden a credito en condiciones favorables,2024-04-24,Las micro pequenas y medianas empresas acceden a credito en condiciones mas favorables. Los programas de apoyo gubernamental muestran resultados. El fortalecimiento empresarial dinamiza la economia y los mercados.,235
http://semana.com/economia/confianza-consumidor-74,semana.com,Confianza del consumidor alcanza maximos historicos,2024-04-25,La confianza del consumidor colombiano alcanza maximos historicos segun ultimas mediciones. El optimismo sobre la economia se generaliza. Los sectores de consumo masivo lideran ganancias en mercados bursatiles.,228
http://larepublica.co/industria/quimica-farmaceutica-75,larepublica.co,Industria quimica y farmaceutica expande exportaciones,2024-04-26,La industria quimica y farmaceutica colombiana expande exportaciones a mercados latinoamericanos. La produccion nacional gana competitividad. Las empresas del sector reportan crecimiento en ventas y utilidades.,232
http://eltiempo.com/tecnologia/biotecnologia-desarrollo-76,eltiempo.com,Biotecnologia colombiana atrae inversion internacional,2024-04-29,El sector de biotecnologia en Colombia atrae inversion internacional significativa. Las investigaciones locales ganan reconocimiento global. El desarrollo cientifico impulsa expectativas positivas en mercados tecnologicos.,235
http://portafolio.co/economia/reservas-internacionales-77,portafolio.co,Reservas internacionales alcanzan nivel optimo,2024-04-30,Las reservas internacionales de Colombia alcanzan un nivel optimo segun parametros internacionales. La fortaleza externa de la economia se consolida. Los mercados financieros reaccionan positivamente ante los indicadores.,228
http://elespectador.com/empresas/responsabilidad-social-78,elespectador.com,Empresas amplian programas de responsabilidad social,2024-05-01,Las empresas colombianas amplian programas de responsabilidad social corporativa. Los proyectos comunitarios se multiplican en todo el pais. Los inversionistas valoran cada vez mas el impacto social empresarial positivo.,235
http://semana.com/economia/recuperacion-economica-79,semana.com,Recuperacion economica supera expectativas iniciales,2024-05-02,La recuperacion economica colombiana supera las expectativas iniciales de analistas. Todos los sectores muestran dinamismo. El optimismo generalizado impulsa alzas significativas en indices bursatiles y de confianza.,230
http://larepublica.co/finanzas/mercado-valores-profundizacion-80,larepublica.co,Mercado de valores colombiano alcanza mayor profundidad,2024-05-03,El mercado de valores colombiano alcanza mayor profundidad con incremento en emisores e inversionistas. La capitalizacion bursatil crece sostenidamente. El desarrollo del mercado de capitales impulsa financiamiento empresarial.,238
